{
  "Author": "Raiden",
  "Name": "Blackjack Solver",
  "InternalName": "BlackjackSolver",
  "AssemblyVersion": "0.0.0.1",
  "Description": "A description that shows up in /bjhelp. List any major slash-command(s).",
  "ApplicableVersion": "any",
  "Tags": [
    "bj",
    "helper",
    "solver",
    "blackjack"
  ],
  "DalamudApiLevel": 13,
  "LoadRequiredState": 0,
  "LoadSync": false,
  "CanUnloadAsync": false,
  "LoadPriority": 0,
  "Punchline": "A simple blackjack solver that tells you the best move to make, helps you with bets and customize your calls.",
  "AcceptsFeedback": true
}