{
  "Author": "Nightshade System and Raiden",
  "Name": "PushyFinder",
  "InternalName": "PushyFinder",
  "AssemblyVersion": "1.3.0.0",
  "Description": "A plugin that uses Pushover or a Discord Webhook (https://pushover.net) to send push notifications when party members join or leave, or when a duty finder queue is initiated.",
  "ApplicableVersion": "any",
  "Tags": [
    "party-finder",
    "afk",
    "notifications"
  ],
  "DalamudApiLevel": 10,
  "LoadRequiredState": 0,
  "LoadSync": false,
  "CanUnloadAsync": false,
  "LoadPriority": 0,
  "Punchline": "Mobile or Discord Webhook push notifications for the Party Finder.",
  "AcceptsFeedback": true
}