{
  "Disabled": false,
  "Testing": false,
  "ScheduledForDeletion": false,
  "InstalledFromUrl": "",
  "WorkingPluginId": "40fbc95b-e29e-4b65-8c5a-c6d086b84bbe",
  "IsThirdParty": false,
  "EffectiveVersion": "1.1.1.0",
  "Author": "Nightshade System and Raiden",
  "Name": "PushyFinder",
  "Punchline": "Mobile or Discord Webhook push notifications for the Party Finder.",
  "Description": "A plugin that uses Pushover or a Discord Webhook (https://pushover.net) to send push notifications when party members join or leave, or when a duty finder queue is initiated.",
  "Changelog": null,
  "Tags": [
    "party-finder",
    "afk",
    "notifications"
  ],
  "CategoryTags": null,
  "IsHide": false,
  "InternalName": "PushyFinder",
  "AssemblyVersion": "1.1.1.0",
  "TestingAssemblyVersion": null,
  "IsTestingExclusive": false,
  "RepoUrl": null,
  "ApplicableVersion": "any",
  "DalamudApiLevel": 9,
  "DownloadCount": 0,
  "LastUpdate": 0,
  "DownloadLinkInstall": null,
  "DownloadLinkUpdate": null,
  "DownloadLinkTesting": null,
  "LoadRequiredState": 0,
  "LoadSync": false,
  "LoadPriority": 0,
  "CanUnloadAsync": false,
  "SupportsProfiles": true,
  "ImageUrls": null,
  "IconUrl": null,
  "AcceptsFeedback": true,
  "FeedbackMessage": null,
  "_Dip17Channel": null
}