{
  "Author": "Pyon, Incalex, Raiden, Sayu",
  "Name": "EasyProfitGamble",
  "InternalName": "GamblePyon",
  "AssemblyVersion": "1.0.1.0",
  "Description": "An interface for managing a game of Blackjack.\n/pyon - Open EasyProfitGamble",
  "ApplicableVersion": "any",
  "Tags": [
    "blackjack",
    "gamble",
    "pyon"
  ],
  "CategoryTags": [
    "minigames"
  ],
  "DalamudApiLevel": 13,
  "LoadRequiredState": 0,
  "LoadSync": false,
  "CanUnloadAsync": false,
  "LoadPriority": 0,
  "Punchline": "Helper plugin for Blackjack",
  "AcceptsFeedback": true
}